<?xml version="1.0" encoding="UTF-8"?><iudd:iudd xmlns:J2EERT="http://www.ibm.com/xmlns/prod/autonomic/resourcemodel/J2EE/resourcetypes" xmlns:OSRT="http://www.ibm.com/xmlns/prod/autonomic/resourcemodel/OS/resourcetypes" xmlns:OSAT="http://www.ibm.com/xmlns/prod/autonomic/resourcemodel/OS/artifacttypes" xmlns:iudd="http://www.ibm.com/xmlns/prod/autonomic/solutioninstall/IUDD" xmlns:xsi="http://www.w3.org/2001/XMLSchema-instance" buildDate="2015-09-10T14:46:19.873+0000">
<packageIdentity contentType="Component">
<name>components/com.ibm.portal.samples-ResolverSampleResolverPCA</name>
<version>0.0.1-SNAPSHOT</version>
<displayName key="d0001" default="ResolverSampleResolverPCA"/>
<manufacturer>
<displayName key="AC_01" default="IBM"/>
</manufacturer>
</packageIdentity>
<topology>
<resource type="OSRT:OperatingSystem" id="OS"/>
</topology>
<content xsi:type="iudd:RootIUContent">
<rootIU id="components/com.ibm.portal.samples-ResolverSampleResolverPCA">
<variables>
<parameters>
<parameter name="installLocation" defaultValue="/usr/dummy.offr.1"/>
</parameters>
</variables>
</rootIU>
</content>
</iudd:iudd>